item_id,title,type,description,emotion_target
1,5-minute calming breathing,exercise,Short guided breathing to reduce stress and calm your nervous system,Angry
2,Gentle sleep meditation,meditation,Soft voice guidance to help you unwind and fall asleep peacefully,Sleepy
3,Energy-boost happy playlist,music,Upbeat positive tracks to lift your mood,Amused
4,Grounding body scan,meditation,Scan through your body to release tension and come back to the present moment,Neutral
5,Journaling prompt pack,journal,Guided prompts to process intense emotions in a safe structured way,Angry
6,Slow mindful stretching,exercise,Gentle stretching to relax your muscles and regulate your breathing,Neutral
7,Cooling down after conflict,exercise,A structured way to cool down after an argument and regain control,Angry
8,Quiet focus playlist,music,Low distraction tracks to help you focus and stabilize your mood,Neutral
9,Light amusement video suggestion,video,Watch something light and funny to gently lift your mood without overstimulation,Amused
